USE EJEMPLO_PEDIDOS;

INSERT INTO PROVEEDORES(rut, nombre, direccion) VALUES ('1-9', 'Proveedor 1', 'Direccion 1');
INSERT INTO PROVEEDORES(rut, nombre, direccion) VALUES ('2-7', 'Proveedor 2', 'Direccion 2');
INSERT INTO PROVEEDORES(rut, nombre, direccion) VALUES ('3-5', 'Proveedor 3', 'Direccion 3');
INSERT INTO PROVEEDORES(rut, nombre, direccion) VALUES ('4-3', 'Proveedor 4', 'Direccion 4');
INSERT INTO PROVEEDORES(rut, nombre, direccion) VALUES ('5-1', 'Proveedor 5', 'Direccion 5');
INSERT INTO PROVEEDORES(rut, nombre, direccion) VALUES ('6-8', 'Proveedor 6', 'Direccion 6');

INSERT INTO `DESCUENTOS` VALUES (1, 10);
INSERT INTO `DESCUENTOS` VALUES (2, 20);
INSERT INTO `DESCUENTOS` VALUES (3, 30);
INSERT INTO `DESCUENTOS` VALUES (4, 40);
INSERT INTO `DESCUENTOS` VALUES (5, 50);

INSERT INTO `CATEGORIAS` VALUES ('Categoria 1', 1);
INSERT INTO `CATEGORIAS` VALUES ('Categoria 2', 2);
INSERT INTO `CATEGORIAS` VALUES ('Categoria 3', 2);
INSERT INTO `CATEGORIAS` VALUES ('Categoria 4', 2);
INSERT INTO `CATEGORIAS` VALUES ('Categoria 5', 3);

INSERT INTO `PRODUCTOS` VALUES (1, 'Producto 1', 1000, 'Categoria 1');
INSERT INTO `PRODUCTOS` VALUES (2, 'Producto 2', 2000, 'Categoria 2');
INSERT INTO `PRODUCTOS` VALUES (3, 'Producto 3', 3000, 'Categoria 3');
INSERT INTO `PRODUCTOS` VALUES (4, 'Producto 4', 4000, 'Categoria 4');
INSERT INTO `PRODUCTOS` VALUES (5, 'Producto 5', 5000, 'Categoria 5');
INSERT INTO `PRODUCTOS` VALUES (6, 'Producto 6', 6000, 'Categoria 5');
INSERT INTO `PRODUCTOS` VALUES (7, 'Producto 7', 7000, 'Categoria 5');
INSERT INTO `PRODUCTOS` VALUES (8, 'Producto 8', 8000, 'Categoria 5');
INSERT INTO `PRODUCTOS` VALUES (9, 'Producto 9', 9000, 'Categoria 5');

INSERT INTO `PRODUCTOS_POR_PROVEEDOR` VALUES ('1-9', 1);
INSERT INTO `PRODUCTOS_POR_PROVEEDOR` VALUES ('2-7', 2);
INSERT INTO `PRODUCTOS_POR_PROVEEDOR` VALUES ('3-5', 3);
INSERT INTO `PRODUCTOS_POR_PROVEEDOR` VALUES ('4-3', 4);
INSERT INTO `PRODUCTOS_POR_PROVEEDOR` VALUES ('5-1', 5);
INSERT INTO `PRODUCTOS_POR_PROVEEDOR` VALUES ('6-8', 6);
INSERT INTO `PRODUCTOS_POR_PROVEEDOR` VALUES ('6-8', 7);
INSERT INTO `PRODUCTOS_POR_PROVEEDOR` VALUES ('6-8', 8);
INSERT INTO `PRODUCTOS_POR_PROVEEDOR` VALUES ('6-8', 9);

INSERT INTO `TELEFONOS_PROVEEDORES` VALUES (1, '12345678', '1-9');
INSERT INTO `TELEFONOS_PROVEEDORES` VALUES (2, '87654321', '2-7');

INSERT INTO `CLIENTES` VALUES ('1121-9', 'Cliente 1', 'Direccion 1', true);
INSERT INTO `CLIENTES` VALUES ('1122-7', 'Cliente 2', 'Direccion 2', true);
INSERT INTO `CLIENTES` VALUES ('1123-5', 'Cliente 3', 'Direccion 3', true);
INSERT INTO `CLIENTES` VALUES ('1124-3', 'Cliente 4', 'Direccion 4', true);
INSERT INTO `CLIENTES` VALUES ('1125-1', 'Cliente 5', 'Direccion 5', true);

INSERT INTO `TELEFONOS_CLIENTES` VALUES (1, '12345678', '1121-9');
INSERT INTO `TELEFONOS_CLIENTES` VALUES (2, '87654321', '1122-7');

INSERT INTO `PEDIDOS` VALUES (1, '2019-01-01 00:00:00', '1121-9');
INSERT INTO `PEDIDOS` VALUES (2, '2019-01-02 00:00:00', '1122-7');
INSERT INTO `PEDIDOS` VALUES (3, '2019-01-03 00:00:00', '1123-5');
INSERT INTO `PEDIDOS` VALUES (4, '2019-01-04 00:00:00', '1124-3');
INSERT INTO `PEDIDOS` VALUES (5, '2019-01-05 00:00:00', '1125-1');

INSERT INTO `PRODUCTOS_POR_PEDIDO` VALUES (1, 1, 1);
INSERT INTO `PRODUCTOS_POR_PEDIDO` VALUES (2, 1, 2);
INSERT INTO `PRODUCTOS_POR_PEDIDO` VALUES (3, 1, 3);
INSERT INTO `PRODUCTOS_POR_PEDIDO` VALUES (4, 1, 4);
INSERT INTO `PRODUCTOS_POR_PEDIDO` VALUES (5, 1, 5);
INSERT INTO `PRODUCTOS_POR_PEDIDO` VALUES (6, 1, 6);